{
  "data": {
    "label": {
      "0": "参照カテゴリ参照カテゴリ参照カテゴリ参照カテゴリ参照カテゴリ参照カテゴリ",
      "1": "6月",
      "2": "7月",
      "3": "9月",
      "4": "10月",
      "5": "testtesttesttesttesttesttesttesttesttesttesttesttesttesttesttesttesttesttest"
    },
    "bar_prop": {
      "0": 0.6693333333333333,
      "1": 0.08033333333333334,
      "2": 0.08933333333333333,
      "3": 0.078,
      "4": 0.083,
      "5": 0.083
    },
    "bar_crude": {
      "0": 39109.66832669323,
      "1": 20231.03734439834,
      "2": 21343.694029850747,
      "3": 45326.92307692308,
      "4": 49000.71485943775,
      "5": 39200.66832669323
    },
    "bar_adjst": {
      "0": 37938.75567079825,
      "1": 38790.10742632329,
      "2": 34657.39264030842,
      "3": 36530.3121838831,
      "4": 37799.658184407126,
      "5": 40109.66832669323
    }
  },
  "parms": {
    "n": 6,
    "bar_prop": {
      "y_min": 0,
      "y_max": 1,
      "y_width": 0.2
    },
    "bar_crude": {
      "y_min": 20000,
      "y_max": 50000,
      "y_width": 5000
    },
    "bar_adjst": {
      "y_min": 20000,
      "y_max": 50000,
      "y_width": 5000
    }
  }
}
